id,name,active,notes
270463003,Caribbean I./W.I./Guyana (NMO) (ethnic group),y,direct mapping
186037000,Other European in New Zealand (ethnic group),y,direct mapping
315237009,White Irish (ethnic group),y,direct mapping
401213008,White Scottish (ethnic group),y,direct mapping
92461000000105,Pakistani or British Pakistani - ethnic category 2001 census (finding),y,direct mapping
107691000000105,Caribbean - ethnic category 2001 census (finding),y,direct mapping
93941000000108,Greek Cypriot - ethnic category 2001 census (finding),y,direct mapping
977431000000100,Mixed multiple ethnic groups: White and Asian - Northern Ireland ethnic category 2011 census (finding),y,direct mapping
92721000000106,Mixed Black - ethnic category 2001 census (finding),y,direct mapping
315635008,Black African and White (ethnic group),y,direct mapping
978341000000102,"Caribbean or Black: Black, Black Scottish or Black British - Scotland ethnic category 2011 census (finding)",y,direct mapping
186010002,Other African countries (NMO) (ethnic group),y,direct mapping
275591005,Caribbean Island (NMO) (ethnic group),y,direct mapping
92731000000108,Nigerian - ethnic category 2001 census (finding),y,direct mapping
978191000000109,Asian or Asian Scottish or Asian British: Chinese - Scotland ethnic category 2011 census (finding),y,direct mapping
94001000000108,Croatian - ethnic category 2001 census (finding),y,direct mapping
977591000000103,Asian or Asian British: Indian - Northern Ireland ethnic category 2011 census (finding),y,direct mapping
270465005,E Afric Asian/Indo-Carib (NMO) (ethnic group),y,direct mapping
270461001,Black N African/Arab/Iranian (ethnic group),y,direct mapping
315634007,Black Caribbean and White (ethnic group),y,direct mapping
978071000000106,"Asian or Asian Scottish or Asian British: Pakistani, Pakistani Scottish or Pakistani British - Scotland ethnic category 2011 census (finding)",y,direct mapping
89001000000105,Arab - ethnic category 2001 census (finding),y,direct mapping
413466005,Afro-Caucasian (ethnic group),y,direct mapping
978401000000105,Other ethnic group: any other ethnic group - Scotland ethnic category 2011 census (finding),y,direct mapping
93981000000100,Kosovan - ethnic category 2001 census (finding),y,direct mapping
186019001,"Other ethnic, mixed origin (ethnic group)",y,direct mapping
275596000,East African Asian (NMO) (ethnic group),y,direct mapping
92501000000105,Other Black background - ethnic category 2001 census (finding),y,direct mapping
92641000000107,Punjabi - ethnic category 2001 census (finding),y,direct mapping
94081000000103,Israeli - ethnic category 2001 census (finding),y,direct mapping
92431000000100,White and Black African - ethnic category 2001 census (finding),y,direct mapping
275590006,Black Indo-Caribbean (ethnic group),y,direct mapping
978231000000100,"African: African, African Scottish or African British - Scotland ethnic category 2011 census (finding)",y,direct mapping
88941000000100,Polish - ethnic category 2001 census (finding),y,direct mapping
92471000000103,Bangladeshi or British Bangladeshi - ethnic category 2001 census (finding),y,direct mapping
718961001,Slovak Roma (ethnic group),y,direct mapping
18167009,Black African (ethnic group),y,direct mapping
275586009,Black North African (ethnic group),y,direct mapping
309644006,Black Guyana (ethnic group),y,direct mapping
977731000000108,Asian or Asian British: Bangladeshi - Northern Ireland ethnic category 2011 census (finding),y,direct mapping
978211000000108,Asian or Asian Scottish or Asian British: any other Asian group - Scotland ethnic category 2011 census (finding),y,direct mapping
977371000000109,Irish Traveller - Northern Ireland ethnic category 2011 census (finding),y,direct mapping
976931000000109,Black or African or Caribbean or Black British: other Black or African or Caribbean background - England and Wales ethnic category 2011 census (finding),y,direct mapping
38361009,Koreans (ethnic group),y,direct mapping
275595001,Iranian (NMO) (ethnic group),y,direct mapping
86275006,Samoan (ethnic group),y,direct mapping
976651000000108,White: Irish - England and Wales ethnic category 2011 census (finding),y,direct mapping
186036009,New Zealand European (ethnic group),y,direct mapping
88951000000102,Baltic States (Estonian or Latvian or Lithuanian) - ethnic category 2001 census (finding),y,direct mapping
275588005,Black Iranian (ethnic group),y,direct mapping
186042008,Tokelauan (ethnic group),y,direct mapping
315236000,White British (ethnic group),y,direct mapping
88961000000104,Commonwealth of (Russian) Independent States - ethnic category 2001 census (finding),y,direct mapping
186021006,"Other ethnic, Asian/White origin (ethnic group)",y,direct mapping
976711000000103,Mixed multiple ethnic groups: White and Black Caribbean - England and Wales ethnic category 2011 census (finding),y,direct mapping
94101000000109,Moroccan - ethnic category 2001 census (finding),y,direct mapping
186035008,New Zealand ethnic groups (ethnic group),y,direct mapping
976831000000100,Asian or Asian British: Bangladeshi - England and Wales ethnic category 2011 census (finding),y,direct mapping
976811000000108,Asian or Asian British: Pakistani - England and Wales ethnic category 2011 census (finding),y,direct mapping
186007009,British ethnic minority unspecified (NMO) (ethnic group),y,direct mapping
976951000000102,Other ethnic group: Arab - England and Wales ethnic category 2011 census (finding),y,direct mapping
275599007,Greek (NMO) (ethnic group),y,direct mapping
718963003,Hungarian Roma (ethnic group),y,direct mapping
718960000,Romanian Roma (ethnic group),y,direct mapping
186012005,Indian sub-continent (NMO) (ethnic group),y,direct mapping
186006000,British ethnic minority specified (NMO) (ethnic group),y,direct mapping
92661000000108,East African Asian - ethnic category 2001 census (finding),y,direct mapping
88921000000107,Traveller - ethnic category 2001 census (finding),y,direct mapping
275601009,Turkish (NMO) (ethnic group),y,direct mapping
92481000000101,Other Asian background - ethnic category 2001 census (finding),y,direct mapping
92521000000101,Other - ethnic category 2001 census (finding),y,direct mapping
718959005,Czech Roma (ethnic group),y,direct mapping
976791000000107,Asian or Asian British: Indian - England and Wales ethnic category 2011 census (finding),y,direct mapping
275587000,Black Arab (ethnic group),y,direct mapping
186039002,New Zealand Maori (ethnic group),y,direct mapping
186022004,"Other ethnic, mixed white origin (ethnic group)",y,direct mapping
80208004,Portuguese (ethnic group),y,direct mapping
286009,Czech (ethnic group),y,direct mapping
978011000000101,White: Polish - Scotland ethnic category 2011 census (finding),y,direct mapping
94091000000101,Kurdish - ethnic category 2001 census (finding),y,direct mapping
92771000000105,Filipino - ethnic category 2001 census (finding),y,direct mapping
94151000000105,Any other group - ethnic category 2001 census (finding),y,direct mapping
977951000000104,White: Irish - Scotland ethnic category 2011 census (finding),y,direct mapping
976871000000103,Asian or Asian British: any other Asian background - England and Wales ethnic category 2011 census (finding),y,direct mapping
186017004,Other European (NMO) (ethnic group),y,direct mapping
92551000000106,Welsh - ethnic category 2001 census (finding),y,direct mapping
977791000000109,Black or African or Caribbean or Black British: African - Northern Ireland ethnic category 2011 census (finding),y,direct mapping
185998001,"Black - other, mixed (ethnic group)",y,direct mapping
275593008,Guyana (NMO) (ethnic group),y,direct mapping
414551003,Japanese (ethnic group),y,direct mapping
69865008,Fijian (ethnic group),y,direct mapping
977851000000109,Other ethnic group: Arab - Northern Ireland ethnic category 2011 census (finding),y,direct mapping
185993005,Black - other African country (ethnic group),y,direct mapping
92711000000100,Somali - ethnic category 2001 census (finding),y,direct mapping
92391000000108,British or mixed British - ethnic category 2001 census (finding),y,direct mapping
185989004,"Black, other, non-mixed origin (ethnic group)",y,direct mapping
89031000000104,Muslim - ethnic category 2001 census (finding),y,direct mapping
92591000000103,Black and Chinese - ethnic category 2001 census (finding),y,direct mapping
160531006,Race: West indian (ethnic group),y,direct mapping
296841000000102,Yemeni (ethnic group),y,direct mapping
976891000000104,Black or African or Caribbean or Black British: African - England and Wales ethnic category 2011 census (finding),y,direct mapping
315240009,Black - ethnic group (ethnic group),y,direct mapping
92601000000109,Chinese and White - ethnic category 2001 census (finding),y,direct mapping
185999009,Other Black - Black/White orig (ethnic group),y,direct mapping
718962008,Bulgarian Roma (ethnic group),y,direct mapping
413773004,Caucasian (racial group),y,direct mapping
94141000000107,Sikh - ethnic category 2001 census (finding),y,direct mapping
976691000000100,White: any other White background - England and Wales ethnic category 2011 census (finding),y,direct mapping
978381000000105,"Other ethnic group: Arab, Arab Scottish or Arab British - Scotland ethnic category 2011 census (finding)",y,direct mapping
110831000000107,Hindu - ethnic category 2001 census (finding),y,direct mapping
92681000000104,British Asian - ethnic category 2001 census (finding),y,direct mapping
186014006,Irish (NMO) (ethnic group),y,direct mapping
978111000000100,"Asian or Asian Scottish or Asian British: Indian, Indian Scottish or Indian British - Scotland ethnic category 2011 census (finding)",y,direct mapping
81560001,Tongan (ethnic group),y,direct mapping
977551000000106,Mixed multiple ethnic groups: any other Mixed or multiple ethnic background - Northern Ireland ethnic category 2011 census (finding),y,direct mapping
977391000000108,Mixed multiple ethnic groups: White and Black Caribbean - Northern Ireland ethnic category 2011 census (finding),y,direct mapping
92671000000101,Tamil - ethnic category 2001 census (finding),y,direct mapping
978031000000109,White: any other White ethnic group - Scotland ethnic category 2011 census (finding),y,direct mapping
275594002,North African Arab (NMO) (ethnic group),y,direct mapping
88931000000109,Gypsy/Romany - ethnic category 2001 census (finding),y,direct mapping
275600005,Greek Cypriot (NMO) (ethnic group),y,direct mapping
88911000000101,Irish Traveller - ethnic category 2001 census (finding),y,direct mapping
372148003,Ethnic group (ethnic group),y,direct mapping
315279003,Other black ethnic group (ethnic group),y,direct mapping
92491000000104,African - ethnic category 2001 census (finding),y,direct mapping
92611000000106,Asian and Chinese - ethnic category 2001 census (finding),y,direct mapping
718131000000106,Nepali (ethnic group),y,direct mapping
110401000000103,Turkish - ethnic category 2001 census (finding),y,direct mapping
92571000000102,Cornish - ethnic category 2001 census (finding),y,direct mapping
88971000000106,Albanian - ethnic category 2001 census (finding),y,direct mapping
185990008,Black British (ethnic group),y,direct mapping
92791000000109,Cypriot (part not stated) - ethnic category 2001 census (finding),y,direct mapping
93991000000103,Bosnian - ethnic category 2001 census (finding),y,direct mapping
309643000,Black West Indian (ethnic group),y,direct mapping
270460000,Black Caribbean/West India/Guyana (ethnic group),y,direct mapping
92761000000103,Japanese - ethnic category 2001 census (finding),y,direct mapping
93961000000109,Italian - ethnic category 2001 census (finding),y,direct mapping
977751000000101,Asian or Asian British: Chinese - Northern Ireland ethnic category 2011 census (finding),y,direct mapping
92751000000101,Vietnamese - ethnic category 2001 census (finding),y,direct mapping
103579009,Race (observable entity),y,direct mapping
94041000000106,Other White European or European unspecified or Mixed European - ethnic category 2001 census (finding),y,direct mapping
270466006,Greek/Greek Cypriot (NMO) (ethnic group),y,direct mapping
494131000000105,White British - ethnic category 2001 census (finding),y,direct mapping
413465009,Afro-Caribbean (ethnic group),y,direct mapping
186044009,South East Asian (ethnic group),y,direct mapping
88991000000105,Jewish - ethnic category 2001 census (finding),y,direct mapping
978251000000107,African: any other African - Scotland ethnic category 2011 census (finding),y,direct mapping
185996002,Black - other Asian (ethnic group),y,direct mapping
94021000000104,Mixed Irish and other White - ethnic category 2001 census (finding),y,direct mapping
90027003,Arabs (ethnic group),y,direct mapping
978171000000105,"Asian or Asian Scottish or Asian British: Bangladeshi, Bangladeshi Scottish or Bangladeshi British - Scotland ethnic category 2011 census (finding)",y,direct mapping
92541000000108,Scottish - ethnic category 2001 census (finding),y,direct mapping
186000006,Other Black - Black/Asian orig (ethnic group),y,direct mapping
186023009,"Other ethnic, other mixed origin (ethnic group)",y,direct mapping
92441000000109,White and Asian - ethnic category 2001 census (finding),y,direct mapping
92691000000102,Caribbean Asian - ethnic category 2001 census (finding),y,direct mapping
110761000000106,English - ethnic category 2001 census (finding),y,direct mapping
186040000,Cook Island Maori (ethnic group),y,direct mapping
186013000,Other Asian (NMO) (ethnic group),y,direct mapping
978361000000101,Caribbean or Black: any other Black or Caribbean group - Scotland ethnic category 2011 census (finding),y,direct mapping
33897005,Chinese (ethnic group),y,direct mapping
312859007,Vietnamese (ethnic group),y,direct mapping
185984009,White - ethnic group (ethnic group),y,direct mapping
275597009,Indo-Caribbean (NMO) (ethnic group),y,direct mapping
976631000000101,White: English or Welsh or Scottish or Northern Irish or British - England and Wales ethnic category 2011 census (finding),y,direct mapping
93921000000101,Ulster Scots - ethnic category 2001 census (finding),y,direct mapping
976971000000106,Other ethnic group: any other ethnic group - England and Wales ethnic category 2011 census (finding),y,direct mapping
186002003,Pakistani (ethnic group),y,direct mapping
185988007,Black Caribbean (ethnic group),y,direct mapping
978271000000103,"Caribbean or Black: Caribbean, Caribbean Scottish or Caribbean British - Scotland ethnic category 2011 census (finding)",y,direct mapping
92581000000100,Black and Asian - ethnic category 2001 census (finding),y,direct mapping
94031000000102,Other mixed White - ethnic category 2001 census (finding),y,direct mapping
315281001,Other Asian ethnic group (ethnic group),y,direct mapping
977411000000108,Mixed multiple ethnic groups: White and Black African - Northern Ireland ethnic category 2011 census (finding),y,direct mapping
110751000000108,Indian or British Indian - ethnic category 2001 census (finding),y,direct mapping
89011000000107,Iranian - ethnic category 2001 census (finding),y,direct mapping
36329002,Slovak (ethnic group),y,direct mapping
401214002,Other white British ethnic group (ethnic group),y,direct mapping
92451000000107,Other Mixed background - ethnic category 2001 census (finding),y,direct mapping
414978006,Oriental (ethnic group),y,direct mapping
92781000000107,Malaysian - ethnic category 2001 census (finding),y,direct mapping
977811000000105,Black or African or Caribbean or Black British: Caribbean - Northern Ireland ethnic category 2011 census (finding),y,direct mapping
270467002,Turkish/Turkish Cypriot (NMO) (ethnic group),y,direct mapping
92651000000105,Kashmiri - ethnic category 2001 census (finding),y,direct mapping
976731000000106,Mixed multiple ethnic groups: White and Black African - England and Wales ethnic category 2011 census (finding),y,direct mapping
185995003,Black Indian sub-continent (ethnic group),y,direct mapping
315283003,Irish traveller (ethnic group),y,direct mapping
976771000000108,Mixed multiple ethnic groups: any other Mixed or multiple ethnic background - England and Wales ethnic category 2011 census (finding),y,direct mapping
976751000000104,Mixed multiple ethnic groups: White and Asian - England and Wales ethnic category 2011 census (finding),y,direct mapping
89021000000101,South and Central American - ethnic category 2001 census (finding),y,direct mapping
94051000000109,Other White or White unspecified - ethnic category 2001 census (finding),y,direct mapping
977351000000100,White - Northern Ireland ethnic category 2011 census (finding),y,direct mapping
718964009,Polish Roma (ethnic group),y,direct mapping
92741000000104,Other Black or Black unspecified - ethnic category 2001 census (finding),y,direct mapping
110771000000104,Black and White - ethnic category 2001 census (finding),y,direct mapping
92401000000106,Irish - ethnic category 2001 census (finding),y,direct mapping
92621000000100,Other Mixed or Mixed unspecified - ethnic category 2001 census (finding),y,direct mapping
93931000000104,Greek - ethnic category 2001 census (finding),y,direct mapping
414481008,Indian (racial group),y,direct mapping
94011000000105,Other republics which made up the former Yugoslavia - ethnic category 2001 census (finding),y,direct mapping
92631000000103,Mixed Asian - ethnic category 2001 census (finding),y,direct mapping
94071000000100,"Middle Eastern (excluding Israeli, Iranian and Arab) - ethnic category 2001 census (finding)",y,direct mapping
94121000000100,Multi-ethnic islands: Mauritian or Seychellois or Maldivian or St Helena - ethnic category 2001 census (finding),y,direct mapping
94111000000106,Latin American - ethnic category 2001 census (finding),y,direct mapping
92701000000102,Other Asian or Asian unspecified - ethnic category 2001 census (finding),y,direct mapping
718958002,Roma (ethnic group),y,direct mapping
977971000000108,White: Gypsy or Irish Traveller - Scotland ethnic category 2011 census (finding),y,direct mapping
86461000000107,Sri Lankan - ethnic category 2001 census (finding),y,direct mapping
494161000000100,White Irish - ethnic category 2001 census (finding),y,direct mapping
414752008,Mixed racial group (racial group),y,direct mapping
977911000000103,White: Scottish - Scotland ethnic category 2011 census (finding),y,direct mapping
186003008,Bangladeshi (ethnic group),y,direct mapping
93951000000106,Turkish Cypriot - ethnic category 2001 census (finding),y,direct mapping
186005001,Other ethnic non-mixed (NMO) (ethnic group),y,direct mapping
445343003,Romanian (ethnic group),y,direct mapping
275592003,West Indian (NMO) (ethnic group),y,direct mapping
40182006,Gypsies (ethnic group),y,direct mapping
29343004,Bulgarian (ethnic group),y,direct mapping
977931000000106,White: other British - Scotland ethnic category 2011 census (finding),y,direct mapping
976911000000101,Black or African or Caribbean or Black British: Caribbean - England and Wales ethnic category 2011 census (finding),y,direct mapping
315280000,Asian - ethnic group (ethnic group),y,direct mapping
92411000000108,Other White background - ethnic category 2001 census (finding),y,direct mapping
186041001,Niuean (ethnic group),y,direct mapping
977871000000100,Other ethnic group: any other ethnic group - Northern Ireland ethnic category 2011 census (finding),y,direct mapping
270464009,N African Arab/Iranian (NMO) (ethnic group),y,direct mapping
976851000000107,Asian or Asian British: Chinese - England and Wales ethnic category 2011 census (finding),y,direct mapping
88981000000108,Serbian - ethnic category 2001 census (finding),y,direct mapping
94061000000107,North African - ethnic category 2001 census (finding),y,direct mapping
110791000000100,Black British - ethnic category 2001 census (finding),y,direct mapping
92511000000107,Chinese - ethnic category 2001 census (finding),y,direct mapping
976671000000104,White: Gypsy or Irish Traveller - England and Wales ethnic category 2011 census (finding),y,direct mapping
92421000000102,White and Black Caribbean - ethnic category 2001 census (finding),y,direct mapping
275602002,Turkish Cypriot (NMO) (ethnic group),y,direct mapping
186020007,"Other ethnic, Black/White origin (ethnic group)",y,direct mapping
977711000000100,Asian or Asian British: Pakistani - Northern Ireland ethnic category 2011 census (finding),y,direct mapping
977831000000102,Black or African or Caribbean or Black British: other Black or African or Caribbean background - Northern Ireland ethnic category 2011 census (finding),y,direct mapping
94131000000103,Buddhist - ethnic category 2001 census (finding),y,direct mapping
315239007,Mixed ethnic census group (ethnic group),y,direct mapping
110781000000102,Sinhalese - ethnic category 2001 census (finding),y,direct mapping
977771000000105,Asian or Asian British: any other Asian background - Northern Ireland ethnic category 2011 census (finding),y,direct mapping
270462008,Black East African Asian/Indo-Caribbean (ethnic group),y,direct mapping
275589002,Black East African Asian (ethnic group),y,direct mapping
978051000000102,Mixed or multiple ethnic groups: any Mixed or multiple ethnic group - Scotland ethnic category 2011 census (finding),y,direct mapping
92561000000109,Northern Irish - ethnic category 2001 census (finding),y,direct mapping
17789004,Papuans (ethnic group),y,descendant of concept mapped from leaf
88934004,Nigerians (ethnic group),y,descendant of concept mapped from leaf
77686000,Kwakiutl (ethnic group),y,descendant of concept mapped from leaf
3698008,Micronesians (ethnic group),y,descendant of concept mapped from leaf
12556008,Tamils (ethnic group),y,descendant of concept mapped from leaf
21993009,Indonesians (ethnic group),y,descendant of concept mapped from leaf
74302004,Apache (ethnic group),y,descendant of concept mapped from leaf
704389008,Murut (ethnic group),y,descendant of concept mapped from leaf
48118002,Yapese (ethnic group),y,descendant of concept mapped from leaf
71176007,Pygmies (ethnic group),y,descendant of concept mapped from leaf
18583004,Estonians (ethnic group),y,descendant of concept mapped from leaf
2688009,Tristan da Cunhans (ethnic group),y,descendant of concept mapped from leaf
49202008,Gilbertese (ethnic group),y,descendant of concept mapped from leaf
704386001,Orang asli (ethnic group),y,descendant of concept mapped from leaf
14045001,Caucasian (ethnic group),y,descendant of concept mapped from leaf
21047009,Aleuts (ethnic group),y,descendant of concept mapped from leaf
37843006,Fulani (ethnic group),y,descendant of concept mapped from leaf
704392007,Iban (ethnic group),y,descendant of concept mapped from leaf
22007004,Shoshone (ethnic group),y,descendant of concept mapped from leaf
3353005,Pueblo (ethnic group),y,descendant of concept mapped from leaf
69983001,Irani (ethnic group),y,descendant of concept mapped from leaf
67165000,Lapps (ethnic group),y,descendant of concept mapped from leaf
43890005,Dieguenos (ethnic group),y,descendant of concept mapped from leaf
76883002,Huichol (ethnic group),y,descendant of concept mapped from leaf
27700004,Iraqi (ethnic group),y,descendant of concept mapped from leaf
53195006,Kirghiz (ethnic group),y,descendant of concept mapped from leaf
73736004,Maori (ethnic group),y,descendant of concept mapped from leaf
51750002,Hottentot (ethnic group),y,descendant of concept mapped from leaf
32873005,Bloods (ethnic group),y,descendant of concept mapped from leaf
14470009,Tutsi (ethnic group),y,descendant of concept mapped from leaf
46110004,Somalis (ethnic group),y,descendant of concept mapped from leaf
733446001,Canadian (ethnic group),y,descendant of concept mapped from leaf
33182009,Trukese (ethnic group),y,descendant of concept mapped from leaf
47327008,Mexican Indians (ethnic group),y,descendant of concept mapped from leaf
79434006,Quechua (ethnic group),y,descendant of concept mapped from leaf
90822005,Gambians (ethnic group),y,descendant of concept mapped from leaf
80528001,Xosa (ethnic group),y,descendant of concept mapped from leaf
39007007,Black Jews (ethnic group),y,descendant of concept mapped from leaf
4073004,Palauans (ethnic group),y,descendant of concept mapped from leaf
113169009,Armenians (ethnic group),y,descendant of concept mapped from leaf
83939006,Irula (ethnic group),y,descendant of concept mapped from leaf
59366001,Ibo (ethnic group),y,descendant of concept mapped from leaf
13440006,Tanganyikans (ethnic group),y,descendant of concept mapped from leaf
62598008,Venezuelan Indians (ethnic group),y,descendant of concept mapped from leaf
35007000,Utes (ethnic group),y,descendant of concept mapped from leaf
23534002,Melanesians (ethnic group),y,descendant of concept mapped from leaf
57539009,Navaho (ethnic group),y,descendant of concept mapped from leaf
704391000,Bidayuh (ethnic group),y,descendant of concept mapped from leaf
2852001,Bhutanese (ethnic group),y,descendant of concept mapped from leaf
81653003,Pehuenches (ethnic group),y,descendant of concept mapped from leaf
704387005,Kadazan (ethnic group),y,descendant of concept mapped from leaf
82174001,Shona (ethnic group),y,descendant of concept mapped from leaf
63736003,Taiwanese (ethnic group),y,descendant of concept mapped from leaf
23517005,Polynesians (ethnic group),y,descendant of concept mapped from leaf
18575005,Oceanian (ethnic group),y,descendant of concept mapped from leaf
72809004,Icelanders (ethnic group),y,descendant of concept mapped from leaf
43056000,Cuna (ethnic group),y,descendant of concept mapped from leaf
48375000,Seminole (ethnic group),y,descendant of concept mapped from leaf
19434008,French (ethnic group),y,descendant of concept mapped from leaf
414152003,European (ethnic group),y,descendant of concept mapped from leaf
18664001,Xavante (ethnic group),y,descendant of concept mapped from leaf
27301002,Paez (ethnic group),y,descendant of concept mapped from leaf
14999008,Welsh (ethnic group),y,descendant of concept mapped from leaf
41076003,Mozambiquans (ethnic group),y,descendant of concept mapped from leaf
63457007,Maya (ethnic group),y,descendant of concept mapped from leaf
88790004,Abyssinians (Amharas) (ethnic group),y,descendant of concept mapped from leaf
27683006,Ainu (ethnic group),y,descendant of concept mapped from leaf
83365001,Thais (ethnic group),y,descendant of concept mapped from leaf
81035008,Pakistani (Urduspeakers) (ethnic group),y,descendant of concept mapped from leaf
28409002,Spaniards (ethnic group),y,descendant of concept mapped from leaf
75326007,Labradors (ethnic group),y,descendant of concept mapped from leaf
66920001,Amerind (ethnic group),y,descendant of concept mapped from leaf
91191002,Oraons (ethnic group),y,descendant of concept mapped from leaf
17095009,Norwegians (ethnic group),y,descendant of concept mapped from leaf
10008004,Ewe (ethnic group),y,descendant of concept mapped from leaf
28796001,Siamese (ethnic group),y,descendant of concept mapped from leaf
14176005,Danes (ethnic group),y,descendant of concept mapped from leaf
45465003,Basques (ethnic group),y,descendant of concept mapped from leaf
44460002,Turks (ethnic group),y,descendant of concept mapped from leaf
72248007,Kikuyu (ethnic group),y,descendant of concept mapped from leaf
38750003,Bororo (ethnic group),y,descendant of concept mapped from leaf
71949006,Chippewa (ethnic group),y,descendant of concept mapped from leaf
76460008,Yanomama (ethnic group),y,descendant of concept mapped from leaf
2720008,Hututu (ethnic group),y,descendant of concept mapped from leaf
735001008,Scandinavian (ethnic group),y,descendant of concept mapped from leaf
11794009,Kenyans (ethnic group),y,descendant of concept mapped from leaf
7695005,Germans (ethnic group),y,descendant of concept mapped from leaf
75301003,Mapuche (ethnic group),y,descendant of concept mapped from leaf
57405008,Chenchu (ethnic group),y,descendant of concept mapped from leaf
60157000,Ellice Islanders (ethnic group),y,descendant of concept mapped from leaf
20291009,Lacandon (ethnic group),y,descendant of concept mapped from leaf
23922002,Batutsi (ethnic group),y,descendant of concept mapped from leaf
28821007,Easter Islanders (ethnic group),y,descendant of concept mapped from leaf
67439005,Msutu (ethnic group),y,descendant of concept mapped from leaf
53460002,Serbs (ethnic group),y,descendant of concept mapped from leaf
83584002,Luo (ethnic group),y,descendant of concept mapped from leaf
41798002,Caroline Islanders (ethnic group),y,descendant of concept mapped from leaf
64693008,Hungarian (ethnic group),y,descendant of concept mapped from leaf
10292001,Guamians (ethnic group),y,descendant of concept mapped from leaf
365455004,Ethnic groups (1991 census) (United Kingdom) (ethnic group),y,descendant of concept mapped from leaf
91488008,New Britons (ethnic group),y,descendant of concept mapped from leaf
40165009,Buriats (ethnic group),y,descendant of concept mapped from leaf
6373008,Choco (ethnic group),y,descendant of concept mapped from leaf
88839008,Sudanese (ethnic group),y,descendant of concept mapped from leaf
1451003,Greeks (ethnic group),y,descendant of concept mapped from leaf
91066000,Tatars (ethnic group),y,descendant of concept mapped from leaf
21868006,Madagascans (ethnic group),y,descendant of concept mapped from leaf
704385002,Punjabi (ethnic group),y,descendant of concept mapped from leaf
9158000,Liberians (ethnic group),y,descendant of concept mapped from leaf
81283004,Todas (ethnic group),y,descendant of concept mapped from leaf
37474002,Ghanaians (ethnic group),y,descendant of concept mapped from leaf
52075006,Congolese (ethnic group),y,descendant of concept mapped from leaf
85515006,Eskimo (ethnic group),y,descendant of concept mapped from leaf
733078003,Ukrainian (ethnic group),y,descendant of concept mapped from leaf
81846005,Naiars (ethnic group),y,descendant of concept mapped from leaf
46723002,Badagas (ethnic group),y,descendant of concept mapped from leaf
31637002,Italians (ethnic group),y,descendant of concept mapped from leaf
26215007,South Asian Aborigine (ethnic group),y,descendant of concept mapped from leaf
15801006,Kapingas (ethnic group),y,descendant of concept mapped from leaf
72337002,Brazilian Indians (ethnic group),y,descendant of concept mapped from leaf
63732001,New Hebrideans (ethnic group),y,descendant of concept mapped from leaf
34334001,New Caledonians (ethnic group),y,descendant of concept mapped from leaf
414661004,Melanesian (ethnic group),y,descendant of concept mapped from leaf
43608005,Australian Aborigines (ethnic group),y,descendant of concept mapped from leaf
19085009,Saipanese (ethnic group),y,descendant of concept mapped from leaf
10117001,Finns (ethnic group),y,descendant of concept mapped from leaf
25750005,Admiralty Islanders (ethnic group),y,descendant of concept mapped from leaf
108342005,South Asian AND/OR Australian aborigine (ethnic group),y,descendant of concept mapped from leaf
74159009,Melanuans (ethnic group),y,descendant of concept mapped from leaf
48679001,Bogobos (ethnic group),y,descendant of concept mapped from leaf
3818007,Senegalese (ethnic group),y,descendant of concept mapped from leaf
25804004,English (ethnic group),y,descendant of concept mapped from leaf
704388000,Melanau (ethnic group),y,descendant of concept mapped from leaf
85371009,Bushmen (ethnic group),y,descendant of concept mapped from leaf
32045009,Georgians (ethnic group),y,descendant of concept mapped from leaf
59597001,Marshallese (ethnic group),y,descendant of concept mapped from leaf
66406004,Huasteco (ethnic group),y,descendant of concept mapped from leaf
39764005,Bantu (ethnic group),y,descendant of concept mapped from leaf
186001005,Indian (East Indian) (ethnic group),y,descendant of concept mapped from leaf
64483007,Indians (Hindi-speaking) (ethnic group),y,descendant of concept mapped from leaf
38144004,Athabascans (ethnic group),y,descendant of concept mapped from leaf
76775001,Ugandans (ethnic group),y,descendant of concept mapped from leaf
32513008,Dyaks (ethnic group),y,descendant of concept mapped from leaf
28562006,Poles (ethnic group),y,descendant of concept mapped from leaf
8124001,West Africans (ethnic group),y,descendant of concept mapped from leaf
1919006,Egyptians (ethnic group),y,descendant of concept mapped from leaf
81403004,Swedes (ethnic group),y,descendant of concept mapped from leaf
51827000,Oriental Jews (ethnic group),y,descendant of concept mapped from leaf
113170005,Aymara (ethnic group),y,descendant of concept mapped from leaf
24812003,Mongol (ethnic group),y,descendant of concept mapped from leaf
9533000,Dutch (ethnic group),y,descendant of concept mapped from leaf
76574004,Swiss (ethnic group),y,descendant of concept mapped from leaf
48294008,Solomon Islanders (ethnic group),y,descendant of concept mapped from leaf
72201005,Hobe (ethnic group),y,descendant of concept mapped from leaf
113171009,Coushatta (ethnic group),y,descendant of concept mapped from leaf
58047002,Barundi (ethnic group),y,descendant of concept mapped from leaf
65776006,Blackfeet (ethnic group),y,descendant of concept mapped from leaf
90348007,Ghashgai (ethnic group),y,descendant of concept mapped from leaf
77502007,Atacamenos (ethnic group),y,descendant of concept mapped from leaf
15086000,African American (ethnic group),y,descendant of concept mapped from leaf
47250000,Bruneians (ethnic group),y,descendant of concept mapped from leaf
76768002,Filipinos (ethnic group),y,descendant of concept mapped from leaf
76253004,Zulu (ethnic group),y,descendant of concept mapped from leaf
55990000,Inca (ethnic group),y,descendant of concept mapped from leaf
67931002,Aztec (ethnic group),y,descendant of concept mapped from leaf
56056003,Belgians (ethnic group),y,descendant of concept mapped from leaf
20140003,Hawaiians (ethnic group),y,descendant of concept mapped from leaf
42632009,Andamanese (ethnic group),y,descendant of concept mapped from leaf
68486007,Austrians (ethnic group),y,descendant of concept mapped from leaf
50405005,Senoi (ethnic group),y,descendant of concept mapped from leaf
59487007,Syrians (ethnic group),y,descendant of concept mapped from leaf
413774005,"Caucasian, not of hispanic origin (racial group)",y,descendant of concept mapped from leaf
20449009,Javanese (ethnic group),y,descendant of concept mapped from leaf
704390004,Bajau (ethnic group),y,descendant of concept mapped from leaf
85163001,Russians (ethnic group),y,descendant of concept mapped from leaf
13233008,Flathead (ethnic group),y,descendant of concept mapped from leaf
4299001,Marathas (ethnic group),y,descendant of concept mapped from leaf
75704009,Toba (ethnic group),y,descendant of concept mapped from leaf
1340002,Malays (ethnic group),y,descendant of concept mapped from leaf
87323008,Nez Perc√© (ethnic group),y,descendant of concept mapped from leaf
10432001,Onge (ethnic group),y,descendant of concept mapped from leaf
73524008,Caingang (ethnic group),y,descendant of concept mapped from leaf
89026003,Alacaluf (ethnic group),y,descendant of concept mapped from leaf
186018009,Other ethnic NEC (NMO) (ethnic group),n,via Query Table
978041000000100,White: any other white ethnic group - Scotland ethnic category 2011 census ,n,via Query Table
13428006,Melanesian race (finding),n,via Query Table
978021000000107,White: Polish - Scotland ethnic category 2011 census ,n,via Query Table
296851000000104,Yemeni ,n,via Query Table
1036351000000107,Roma ,n,via Query Table
977761000000103,Asian or Asian British: Chinese - Northern Ireland ethnic category 2011 census ,n,via Query Table
976681000000102,White: Gypsy or Irish Traveller - England and Wales ethnic category 2011 census ,n,via Query Table
666871000000107,Other ethnic group (ethnic group),n,via Query Table
978121000000106,"Asian or Asian Scottish or Asian British: Indian, Indian Scottish or Indian British - Scotland ethnic category 2011 census ",n,via Query Table
160524007,Race: Arab (finding),n,via Query Table
583491000000107,Ethnic groups (census) NOS (ethnic group),n,via Query Table
661731000000107,Other Pacific ethnic group (ethnic group),n,via Query Table
518721000000107,Bulgarian (ethnic group),n,via Query Table
976721000000109,Mixed multiple ethnic groups: white and black Caribbean - England and Wales ethnic category 2011 census ,n,via Query Table
661741000000103,Other Asian (ethnic group),n,via Query Table
1050831000000108,Romanian Roma,n,via Query Table
44356001,Micronesian race (finding),n,via Query Table
413569000,Arab (ethnic group),n,via Query Table
494141000000101,White British - ethnic category 2001 census ,n,via Query Table
977781000000107,Asian or Asian British: any other Asian background - Northern Ireland ethnic category 2011 census ,n,via Query Table
977801000000108,Black or African or Caribbean or Black British: African - Northern Ireland ethnic category 2011 census ,n,via Query Table
160532004,Race: Afro-caucasian (finding),n,via Query Table
1050851000000101,Hungarian Roma,n,via Query Table
160528005,Race: Afro-Caribbean (finding),n,via Query Table
977961000000101,White: Irish - Scotland ethnic category 2011 census ,n,via Query Table
1050811000000100,Czech Roma,n,via Query Table
1036251000000104,Czech Roma (ethnic group),n,via Query Table
1036341000000109,Roma (ethnic group),n,via Query Table
186047002,Other New Zealand ethnic group (ethnic group),n,via Query Table
718141000000102,Nepalese ,n,via Query Table
160533009,Race: Pakistani (finding),n,via Query Table
160530007,Race: Mixed (finding),n,via Query Table
707591000000104,Czech,n,via Query Table
977421000000102,Mixed multiple ethnic groups: white and black African - Northern Ireland ethnic category 2011 census ,n,via Query Table
976761000000101,Mixed multiple ethnic groups: white and Asian - England and Wales ethnic category 2011 census ,n,via Query Table
84576009,Indian race (finding),n,via Query Table
347995004,European race (finding),n,via Query Table
1036281000000105,Hungarian Roma (ethnic group),n,via Query Table
160526009,Race: Korean (finding),n,via Query Table
978411000000107,Other ethnic group: any other ethnic group - Scotland ethnic category 2011 census ,n,via Query Table
978371000000108,Caribbean or Black: any other Black or Caribbean group - Scotland ethnic category 2011 census ,n,via Query Table
978281000000101,"Caribbean or Black: Caribbean, Caribbean Scottish or Caribbean British - Scotland ethnic category 2011 census ",n,via Query Table
315238004,Other white ethnic group (ethnic group),n,via Query Table
977441000000109,Mixed multiple ethnic groups: white and Asian - Northern Ireland ethnic category 2011 census ,n,via Query Table
494181000000109,White Irish - ethnic category 2001 census ,n,via Query Table
160527000,Race: Oriental (finding),n,via Query Table
976901000000103,Black or African or Caribbean or Black British: African - England and Wales ethnic category 2011 census ,n,via Query Table
978241000000109,"African: African, African Scottish or African British - Scotland ethnic category 2011 census ",n,via Query Table
976801000000106,Asian or Asian British: Indian - England and Wales ethnic category 2011 census ,n,via Query Table
977721000000106,Asian or Asian British: Pakistani - Northern Ireland ethnic category 2011 census ,n,via Query Table
1036321000000102,Romanian Roma (ethnic group),n,via Query Table
976781000000105,Mixed multiple ethnic groups: any other Mixed or  Multiple ethnic background - England and Wales ethnic category 2011 census ,n,via Query Table
978261000000105,African: any other African - Scotland ethnic category 2011 census ,n,via Query Table
160525008,Race: Chinese (finding),n,via Query Table
977741000000104,Asian or Asian British: Bangladeshi - Northern Ireland ethnic category 2011 census ,n,via Query Table
518701000000103,Romanian (ethnic group),n,via Query Table
978221000000102,Asian or Asian Scottish or Asian British: any other Asian group - Scotland ethnic category 2011 census ,n,via Query Table
977381000000106,Irish Traveller - Northern Ireland ethnic category 2011 census ,n,via Query Table
160529002,Race: Bangladeshi (finding),n,via Query Table
1050821000000106,Polish Roma,n,via Query Table
977361000000102,White - Northern Ireland ethnic category 2011 census ,n,via Query Table
494151000000103,White British - ethnic category 2001 census ,n,via Query Table
977561000000109,Mixed multiple ethnic groups: any other Mixed or Multiple ethnic background - Northern Ireland ethnic category 2011 census ,n,via Query Table
1036211000000103,Slovak Roma (ethnic group),n,via Query Table
15643001,Race: Japanese (finding),n,via Query Table
186033001,Ethnic groups (census) NOS (ethnic group),n,via Query Table
976881000000101,Asian or Asian British: any other Asian background - England and Wales ethnic category 2011 census ,n,via Query Table
1036301000000106,Polish Roma (ethnic group),n,via Query Table
978061000000104,Mixed or multiple ethnic groups: any Mixed or Multiple ethnic group - Scotland ethnic category 2011 census ,n,via Query Table
978201000000106,Asian or Asian Scottish or Asian British: Chinese - Scotland ethnic category 2011 census ,n,via Query Table
710021000000107,Slovak ,n,via Query Table
592491000000104,Other New Zealand ethnic group (ethnic group),n,via Query Table
977921000000109,White: Scottish - Scotland ethnic category 2011 census ,n,via Query Table
976981000000108,Other ethnic group: any other ethnic group - England and Wales ethnic category 2011 census ,n,via Query Table
976821000000102,Asian or Asian British: Pakistani - England and Wales ethnic category 2011 census ,n,via Query Table
710011000000101,Slovak (ethnic group),n,via Query Table
315282008,Other ethnic group (ethnic group),n,via Query Table
976661000000106,White: Irish - England and Wales ethnic category 2011 census ,n,via Query Table
1050801000000102,Bulgarian Roma,n,via Query Table
519681000000108,Czech (ethnic group),n,via Query Table
976921000000107,Black or African or Caribbean or Black British : Caribbean - England and Wales ethnic category 2011 census (finding),n,via Query Table
978181000000107,"Asian or Asian Scottish or Asian British: Bangladeshi, Bangladeshi Scottish or Banagaldeshi British - Scotland ethnic category 2011 census ",n,via Query Table
978081000000108,"Asian or Asian Scottish or Asian British: Pakistani, Pakistani Scottish or Pakistani British - Scotland ethnic category 2011 census ",n,via Query Table
976841000000109,Asian or Asian British: Bangladeshi - England and Wales ethnic category 2011 census ,n,via Query Table
651601000000100,Black Black - other (ethnic group),n,via Query Table
978391000000107,"Other ethnic group: Arab, Arab Scottish or Arab British - Scotland ethnic category 2011 census ",n,via Query Table
977941000000102,White: other British - Scotland ethnic category 2011 census ,n,via Query Table
296861000000101,Yemeni ,n,via Query Table
977981000000105,White: Gypsy or Irish Traveller - Scotland ethnic category 2011 census ,n,via Query Table
62693009,Polynesian race (finding),n,via Query Table
518711000000101,Romanian ,n,via Query Table
976741000000102,Mixed multiple ethnic groups: white and black African - England and Wales ethnic category 2011 census ,n,via Query Table
583481000000105,Other ethnic NEC (NMO) (ethnic group),n,via Query Table
518731000000109,Bulgarian ,n,via Query Table
977841000000106,Black or African or Caribbean or Black British: other black or African or Caribbean background - Northern Ireland ethnic category 2011 census ,n,via Query Table
978351000000104,"Caribbean or Black: Black,  Black Scottish or  Black British - Scotland ethnic category 2011 census ",n,via Query Table
718021000000105,Portuguese (ethnic group),n,via Query Table
494171000000107,White Irish - ethnic category 2001 census ,n,via Query Table
976961000000104,Other ethnic group: Arab - England and Wales ethnic category 2011 census ,n,via Query Table
977821000000104,Black or African or Caribbean or Black British: Caribbean - Northern Ireland ethnic category 2011 census ,n,via Query Table
1036361000000105,Bulgarian Roma (ethnic group),n,via Query Table
977881000000103,Other ethnic group: any other ethnic group - Northern Ireland ethnic category 2011 census ,n,via Query Table
977861000000107,Other ethnic group: Arab - Northern Ireland ethnic category 2011 census ,n,via Query Table
185997006,Black Black - other (ethnic group),n,via Query Table
592501000000105,New Zealand ethnic group NOS (ethnic group),n,via Query Table
976861000000105,Asian or Asian British: Chinese - England and Wales ethnic category 2011 census ,n,via Query Table
976941000000100,Black or African or Caribbean or Black British : other black or African or Caribbean background - England and Wales ethnic category 2011 census ,n,via Query Table
976641000000105,White: English or Welsh or Scottish or Northern Irish or British - England and Wales ethnic category 2011 census ,n,via Query Table
977601000000109,Asian or Asian British: Indian - Northern Ireland ethnic category 2011 census ,n,via Query Table
1050841000000104,Slovak Roma,n,via Query Table
977401000000106,Mixed multiple ethnic groups: white and black Caribbean - Northern Ireland ethnic category 2011 census ,n,via Query Table
718031000000107,Portuguese ,n,via Query Table
160523001,Race: Caucasian (finding),n,via Query Table
976701000000100,White: any other white background - England and Wales ethnic category 2011 census ,n,via Query Table
668681000000107,Other white ethnic group (ethnic group),n,via Query Table
